rep,MAE_LP,MAE_DEG,MAE_SAC
1,6.1569734,12.755148,1.1150141
mean,6.1569734,12.755148,1.1150141
std,0.0,0.0,0.0
